Date,APPLE Adj Close, Return (%)
10/17/2007,172.75,1.869324213
10/18/2007,173.5,0.434153401
10/19/2007,170.42,-1.775216138
10/22/2007,174.36,2.311935219
10/23/2007,186.16,6.767607249
10/24/2007,185.93,-0.123549635
10/25/2007,182.78,-1.694185984
10/26/2007,184.7,1.050443156
10/29/2007,185.09,0.211153221
10/30/2007,187,1.031930412
10/31/2007,189.95,1.577540107
11/1/2007,187.44,-1.321400369
11/2/2007,187.87,0.229406743
11/5/2007,186.18,-0.899558205
11/6/2007,191.79,3.01321302
11/7/2007,186.3,-2.862505866
11/8/2007,175.47,-5.813204509
11/9/2007,165.37,-5.755969681
11/12/2007,153.76,-7.020620427
11/13/2007,169.96,10.5359001
11/14/2007,166.11,-2.26523888
11/15/2007,164.3,-1.089639396
11/16/2007,166.39,1.272063299
11/19/2007,163.95,-1.466434281
11/20/2007,168.85,2.988716072
11/21/2007,168.46,-0.230974237
11/23/2007,171.54,1.828327199
11/26/2007,172.54,0.582954413
11/27/2007,174.81,1.315636954
11/28/2007,180.22,3.094788628
11/29/2007,184.29,2.258350904
11/30/2007,182.22,-1.123229692
12/3/2007,178.86,-1.843924926
12/4/2007,179.81,0.531141675
12/5/2007,185.5,3.164451365
12/6/2007,189.95,2.398921833
12/7/2007,194.3,2.290076336
12/10/2007,194.21,-0.046320124
12/11/2007,188.54,-2.919520107
12/12/2007,190.86,1.230508115
12/13/2007,191.83,0.508225925
12/14/2007,190.39,-0.750664651
12/17/2007,184.4,-3.146173644
12/18/2007,182.98,-0.770065076
12/19/2007,183.12,0.076511094
12/20/2007,187.21,2.233508082
12/21/2007,193.91,3.57886865
12/24/2007,198.8,2.521788459
12/26/2007,198.95,0.075452716
12/27/2007,198.57,-0.191002765
12/28/2007,199.83,0.634536939
12/31/2007,198.08,-0.875744383
1/2/2008,194.84,-1.635702746
1/3/2008,194.93,0.046191747
1/4/2008,180.05,-7.633509465
1/7/2008,177.64,-1.338517079
1/8/2008,171.25,-3.597162801
1/9/2008,179.4,4.759124088
1/10/2008,178.02,-0.769230769
1/11/2008,172.69,-2.994045613
1/14/2008,178.78,3.526550466
1/15/2008,169.04,-5.448036693
1/16/2008,159.64,-5.560814009
1/17/2008,160.89,0.783011776
1/18/2008,161.36,0.292125054
1/22/2008,155.64,-3.544868617
1/23/2008,139.07,-10.6463634
1/24/2008,135.6,-2.495146329
1/25/2008,130.01,-4.122418879
1/28/2008,130.01,0
1/29/2008,131.54,1.176832551
1/30/2008,132.18,0.486544017
1/31/2008,135.36,2.405810259
2/1/2008,133.75,-1.189420804
2/4/2008,131.65,-1.570093458
2/5/2008,129.36,-1.739460691
2/6/2008,122,-5.689548547
2/7/2008,121.24,-0.62295082
2/8/2008,125.48,3.497195645
2/11/2008,129.45,3.163850813
2/12/2008,124.86,-3.545770568
2/13/2008,129.4,3.636072401
2/14/2008,127.46,-1.499227202
2/15/2008,124.63,-2.220304409
2/19/2008,122.18,-1.965818824
2/20/2008,123.82,1.342281879
2/21/2008,121.54,-1.841382652
2/22/2008,119.46,-1.711370742
2/25/2008,119.74,0.23438808
2/26/2008,119.15,-0.492734258
2/27/2008,122.96,3.197650021
2/28/2008,129.91,5.652244632
2/29/2008,125.02,-3.764144408
3/3/2008,121.73,-2.631578947
3/4/2008,124.62,2.374106629
3/5/2008,124.49,-0.104317124
3/6/2008,120.93,-2.859667443
3/7/2008,122.25,1.091540561
3/10/2008,119.69,-2.09406953
3/11/2008,127.35,6.399866321
3/12/2008,126.03,-1.036513545
3/13/2008,127.94,1.51551218
3/14/2008,126.61,-1.039549789
3/17/2008,126.73,0.094779243
3/18/2008,132.82,4.805491991
3/19/2008,129.67,-2.371630778
3/20/2008,133.27,2.776278245
3/24/2008,139.53,4.697231185
3/25/2008,140.98,1.039203039
3/26/2008,145.06,2.894027522
3/27/2008,140.25,-3.315869295
3/28/2008,143.01,1.967914439
3/31/2008,143.5,0.342633382
4/1/2008,149.53,4.202090592
4/2/2008,147.49,-1.364274727
4/3/2008,151.61,2.793409723
4/4/2008,153.08,0.969593035
4/7/2008,155.89,1.835641495
4/8/2008,152.84,-1.956507794
4/9/2008,151.44,-0.915990578
4/10/2008,154.55,2.053618595
4/11/2008,147.14,-4.794564866
4/14/2008,147.78,0.434959902
4/15/2008,148.38,0.406008932
4/16/2008,153.7,3.585388866
4/17/2008,154.49,0.513988289
4/18/2008,161.04,4.239756619
4/21/2008,168.16,4.421261798
4/22/2008,160.2,-4.73358706
4/23/2008,162.89,1.679151061
4/24/2008,168.94,3.714162932
4/25/2008,169.73,0.467621641
4/28/2008,172.24,1.478819301
4/29/2008,175.05,1.631444496
4/30/2008,173.95,-0.628391888
5/1/2008,180,3.478010923
5/2/2008,180.94,0.522222222
5/5/2008,184.73,2.094617
5/6/2008,186.66,1.04476804
5/7/2008,182.59,-2.180435016
5/8/2008,185.06,1.352757544
5/9/2008,183.45,-0.869988112
5/12/2008,188.16,2.567457073
5/13/2008,189.96,0.956632653
5/14/2008,186.26,-1.94777848
5/15/2008,189.73,1.862987222
5/16/2008,187.62,-1.112106678
5/19/2008,183.6,-2.142628718
5/20/2008,185.9,1.252723312
5/21/2008,178.19,-4.14739107
5/22/2008,177.05,-0.639766541
5/23/2008,181.17,2.327026264
5/27/2008,186.43,2.903350444
5/28/2008,187.01,0.311108727
5/29/2008,186.69,-0.171113844
5/30/2008,188.75,1.103433499
6/2/2008,186.1,-1.40397351
6/3/2008,185.37,-0.392262225
6/4/2008,185.19,-0.097103091
6/5/2008,189.43,2.289540472
6/6/2008,185.64,-2.000739059
6/9/2008,181.61,-2.170868347
6/10/2008,185.64,2.219040802
6/11/2008,180.81,-2.601809955
6/12/2008,173.26,-4.175654001
6/13/2008,172.37,-0.513678864
6/16/2008,176.84,2.593258688
6/17/2008,181.43,2.595566614
6/18/2008,178.75,-1.477153723
6/19/2008,180.9,1.202797203
6/20/2008,175.27,-3.112216694
6/23/2008,173.16,-1.203856906
6/24/2008,173.25,0.051975052
6/25/2008,177.39,2.38961039
6/26/2008,168.26,-5.14685157
6/27/2008,170.09,1.08760252
6/30/2008,167.44,-1.557998707
7/1/2008,174.68,4.323936933
7/2/2008,168.18,-3.721089993
7/3/2008,170.12,1.153525984
7/7/2008,175.16,2.962614625
7/8/2008,179.55,2.506279973
7/9/2008,174.25,-2.951824004
7/10/2008,176.63,1.365853659
7/11/2008,172.58,-2.292928721
7/14/2008,173.88,0.753273844
7/15/2008,169.64,-2.438463308
7/16/2008,172.81,1.868663051
7/17/2008,171.81,-0.578670216
7/18/2008,165.15,-3.876375065
7/21/2008,166.29,0.690281562
7/22/2008,162.02,-2.567803235
7/23/2008,166.26,2.616960869
7/24/2008,159.03,-4.34861061
7/25/2008,162.12,1.943029617
7/28/2008,154.4,-4.761904762
7/29/2008,157.08,1.735751295
7/30/2008,159.88,1.782531194
7/31/2008,158.95,-0.581686265
8/1/2008,156.66,-1.440704624
8/4/2008,153.23,-2.18945487
8/5/2008,160.64,4.83586765
8/6/2008,164.19,2.209910359
8/7/2008,163.57,-0.377611304
8/8/2008,169.55,3.655927126
8/11/2008,173.56,2.365084046
8/12/2008,176.73,1.826457709
8/13/2008,179.3,1.454195666
8/14/2008,179.32,0.01115449
8/15/2008,175.74,-1.996430961
8/18/2008,175.39,-0.199157847
8/19/2008,173.53,-1.060493757
8/20/2008,175.84,1.331181928
8/21/2008,174.29,-0.881483167
8/22/2008,176.79,1.434390958
8/25/2008,172.55,-2.398325697
8/26/2008,173.64,0.631700956
8/27/2008,174.67,0.593181295
8/28/2008,173.74,-0.532432587
8/29/2008,169.53,-2.423161045
9/2/2008,166.19,-1.970152775
9/3/2008,166.96,0.46332511
9/4/2008,161.22,-3.437949209
9/5/2008,160.18,-0.645081255
9/8/2008,157.92,-1.410912723
9/9/2008,151.68,-3.951367781
9/10/2008,151.61,-0.046149789
9/11/2008,152.65,0.685970582
9/12/2008,148.94,-2.430396331
9/15/2008,140.36,-5.76070901
9/16/2008,139.88,-0.341977771
9/17/2008,127.83,-8.614526737
9/18/2008,134.09,4.897128999
9/19/2008,140.91,5.086136177
9/22/2008,131.05,-6.99737421
9/23/2008,126.84,-3.212514308
9/24/2008,128.71,1.474298329
9/25/2008,131.93,2.501748116
9/26/2008,128.24,-2.79693777
9/29/2008,105.26,-17.91952589
9/30/2008,113.66,7.980239407
10/1/2008,109.12,-3.994369171
10/2/2008,100.1,-8.266129032
10/3/2008,97.07,-3.026973027
10/6/2008,98.14,1.102297311
10/7/2008,89.16,-9.150193601
10/8/2008,89.79,0.706594886
10/9/2008,88.74,-1.169395256
10/10/2008,96.8,9.082713545
10/13/2008,110.26,13.90495868
10/14/2008,104.08,-5.604933793
10/15/2008,97.95,-5.889700231
10/16/2008,101.89,4.022460439
10/17/2008,97.4,-4.406713122
10/20/2008,98.44,1.067761807
10/21/2008,91.49,-7.060138155
10/22/2008,96.87,5.88042409
10/23/2008,98.23,1.403943429
10/24/2008,96.38,-1.88333503
10/27/2008,92.09,-4.45113094
10/28/2008,99.91,8.491692909
10/29/2008,104.55,4.644179762
10/30/2008,111.04,6.207556193
10/31/2008,107.59,-3.106988473
11/3/2008,106.96,-0.585556278
11/4/2008,110.99,3.76776365
11/5/2008,103.3,-6.928552122
11/6/2008,99.1,-4.065827686
11/7/2008,98.24,-0.867810293
11/10/2008,95.88,-2.40228013
11/11/2008,94.77,-1.157697121
11/12/2008,90.12,-4.906616018
11/13/2008,96.44,7.012871727
11/14/2008,90.24,-6.42886769
11/17/2008,88.14,-2.32712766
11/18/2008,89.91,2.008168822
11/19/2008,86.29,-4.026248471
11/20/2008,80.49,-6.721520454
11/21/2008,82.58,2.59659585
11/24/2008,92.95,12.55751998
11/25/2008,90.8,-2.313071544
11/26/2008,95,4.625550661
11/28/2008,92.67,-2.452631579
12/1/2008,88.93,-4.035826049
12/2/2008,92.47,3.980658945
12/3/2008,95.9,3.709311128
12/4/2008,91.41,-4.681960375
12/5/2008,94,2.833388032
12/8/2008,99.72,6.085106383
12/9/2008,100.06,0.340954673
12/10/2008,98.21,-1.848890666
12/11/2008,95,-3.268506262
12/12/2008,98.27,3.442105263
12/15/2008,94.75,-3.581968047
12/16/2008,95.43,0.7176781
12/17/2008,89.16,-6.570260924
12/18/2008,89.43,0.30282638
12/19/2008,90,0.63737001
12/22/2008,85.74,-4.733333333
12/23/2008,86.38,0.746442734
12/24/2008,85.04,-1.55128502
12/26/2008,85.81,0.905456256
12/29/2008,86.61,0.932292274
12/30/2008,86.29,-0.369472347
12/31/2008,85.35,-1.089349867
1/2/2009,90.75,6.326889279
1/5/2009,94.58,4.220385675
1/6/2009,93.02,-1.649397336
1/7/2009,91.01,-2.160825629
1/8/2009,92.7,1.856938798
1/9/2009,90.58,-2.286947141
1/12/2009,88.66,-2.119673217
1/13/2009,87.71,-1.071509136
1/14/2009,85.33,-2.71348763
1/15/2009,83.38,-2.285245517
1/16/2009,82.33,-1.259294795
1/20/2009,78.2,-5.016397425
1/21/2009,82.83,5.920716113
1/22/2009,88.36,6.676325003
1/23/2009,88.36,0
1/26/2009,89.64,1.448619285
1/27/2009,90.73,1.215975011
1/28/2009,94.2,3.824534333
1/29/2009,93,-1.27388535
1/30/2009,90.13,-3.086021505
2/2/2009,91.51,1.531121713
2/3/2009,92.98,1.606381816
2/4/2009,93.55,0.613035061
2/5/2009,96.46,3.110636024
2/6/2009,99.72,3.379639229
2/9/2009,102.51,2.797833935
2/10/2009,97.83,-4.565408253
2/11/2009,96.82,-1.032403148
2/12/2009,99.27,2.530468911
2/13/2009,99.16,-0.110808905
2/17/2009,94.53,-4.66922146
2/18/2009,94.37,-0.169258436
2/19/2009,90.64,-3.952527286
2/20/2009,91.2,0.617828773
2/23/2009,86.95,-4.660087719
2/24/2009,90.25,3.795284646
2/25/2009,91.16,1.008310249
2/26/2009,89.19,-2.161035542
2/27/2009,89.31,0.134544231
3/2/2009,87.94,-1.533982757
3/3/2009,88.37,0.488969752
3/4/2009,91.17,3.168496096
3/5/2009,88.84,-2.555665241
3/6/2009,85.3,-3.98469158
3/9/2009,83.11,-2.567409144
3/10/2009,88.63,6.641800024
3/11/2009,92.68,4.56955884
3/12/2009,96.35,3.95986189
3/13/2009,95.93,-0.435910742
3/16/2009,95.42,-0.531637652
3/17/2009,99.66,4.44351289
3/18/2009,101.52,1.866345575
3/19/2009,101.62,0.098502758
3/20/2009,101.59,-0.029521748
3/23/2009,107.66,5.974997539
3/24/2009,106.5,-1.077466097
3/25/2009,106.49,-0.009389671
3/26/2009,109.87,3.174006949
3/27/2009,106.85,-2.748703013
3/30/2009,104.49,-2.20870379
3/31/2009,105.12,0.60292851
4/1/2009,108.69,3.396118721
4/2/2009,112.71,3.698592327
4/3/2009,115.99,2.910123325
4/6/2009,118.45,2.120872489
4/7/2009,115,-2.912621359
4/8/2009,116.32,1.147826087
4/9/2009,119.57,2.794016506
4/13/2009,120.22,0.543614619
4/14/2009,118.31,-1.588753951
4/15/2009,117.64,-0.56630885
4/16/2009,121.45,3.238694322
4/17/2009,123.42,1.622066694
4/20/2009,120.5,-2.36590504
4/21/2009,121.76,1.045643154
4/22/2009,121.51,-0.205321945
4/23/2009,125.4,3.201382602
4/24/2009,123.9,-1.196172249
4/27/2009,124.73,0.669895077
4/28/2009,123.9,-0.665437345
4/29/2009,125.14,1.000807103
4/30/2009,125.83,0.551382452
5/1/2009,127.24,1.120559485
5/4/2009,132.07,3.795976108
5/5/2009,132.71,0.484591505
5/6/2009,132.5,-0.158239771
5/7/2009,129.06,-2.596226415
5/8/2009,129.19,0.100728343
5/11/2009,129.57,0.294140413
5/12/2009,124.42,-3.974685498
5/13/2009,119.49,-3.962385469
5/14/2009,122.95,2.895639802
5/15/2009,122.42,-0.43106954
5/18/2009,126.65,3.455317759
5/19/2009,127.45,0.631662061
5/20/2009,125.87,-1.239701844
5/21/2009,124.18,-1.34265512
5/22/2009,122.5,-1.352874859
5/26/2009,130.78,6.759183673
5/27/2009,133.05,1.73573941
5/28/2009,135.07,1.518226231
5/29/2009,135.81,0.54786407
6/1/2009,139.35,2.606582726
6/2/2009,139.49,0.100466451
6/3/2009,140.95,1.046670012
6/4/2009,143.74,1.979425328
6/5/2009,144.67,0.647001531
6/8/2009,143.85,-0.566807216
6/9/2009,142.72,-0.785540494
6/10/2009,140.25,-1.730661435
6/11/2009,139.95,-0.213903743
6/12/2009,136.97,-2.129331904
6/15/2009,136.09,-0.642476455
6/16/2009,136.35,0.19105004
6/17/2009,135.58,-0.564723139
6/18/2009,135.88,0.221271574
6/19/2009,139.48,2.649396526
6/22/2009,137.37,-1.512761686
6/23/2009,134.01,-2.445948897
6/24/2009,136.22,1.649130662
6/25/2009,139.86,2.672147996
6/26/2009,142.44,1.844701845
6/29/2009,141.97,-0.329963493
6/30/2009,142.43,0.324012115
7/1/2009,142.83,0.280839711
7/2/2009,140.02,-1.967373801
7/6/2009,138.61,-1.006999
7/7/2009,135.4,-2.315850227
7/8/2009,137.22,1.344165436
7/9/2009,136.36,-0.626730797
7/10/2009,138.52,1.584042241
7/13/2009,142.34,2.757724516
7/14/2009,142.27,-0.049178024
7/15/2009,146.88,3.240317706
7/16/2009,147.52,0.435729847
7/17/2009,151.75,2.867407809
7/20/2009,152.91,0.764415157
7/21/2009,151.51,-0.915571251
7/22/2009,156.74,3.451917365
7/23/2009,157.82,0.689039173
7/24/2009,159.99,1.374984159
7/27/2009,160.1,0.068754297
7/28/2009,160,-0.062460962
7/29/2009,160.03,0.01875
7/30/2009,162.79,1.724676623
7/31/2009,163.39,0.368573008
8/3/2009,166.43,1.860578983
8/4/2009,165.55,-0.528750826
8/5/2009,165.11,-0.265780731
8/6/2009,163.91,-0.726788202
8/7/2009,165.51,0.976145446
8/10/2009,164.72,-0.477312549
8/11/2009,162.83,-1.147401651
8/12/2009,165.31,1.523060861
8/13/2009,168.42,1.881313895
8/14/2009,166.78,-0.973756086
8/17/2009,159.59,-4.311068473
8/18/2009,164,2.763331036
8/19/2009,164.6,0.365853659
8/20/2009,166.33,1.051032807
8/21/2009,169.22,1.73750977
8/24/2009,169.06,-0.094551471
8/25/2009,169.4,0.201112031
8/26/2009,167.41,-1.174734357
8/27/2009,169.45,1.218565199
8/28/2009,170.05,0.354086751
8/31/2009,168.21,-1.082034696
9/1/2009,165.3,-1.729980382
9/2/2009,165.18,-0.072595281
9/3/2009,166.55,0.829398232
9/4/2009,170.31,2.257580306
9/8/2009,172.93,1.538371205
9/9/2009,171.14,-1.035100908
9/10/2009,172.56,0.829730046
9/11/2009,172.16,-0.231803431
9/14/2009,173.72,0.906133829
9/15/2009,175.16,0.828920101
9/16/2009,181.87,3.830783284
9/17/2009,184.55,1.47358003
9/18/2009,185.02,0.25467353
9/21/2009,184.02,-0.54048211
9/22/2009,184.48,0.249972829
9/23/2009,185.5,0.552905464
9/24/2009,183.82,-0.905660377
9/25/2009,182.37,-0.788815145
9/28/2009,186.15,2.072709327
9/29/2009,185.38,-0.41364491
9/30/2009,185.35,-0.016182976
10/1/2009,180.86,-2.422444025
10/2/2009,184.9,2.233771978
10/5/2009,186.02,0.605732829
10/6/2009,190.01,2.144930653
10/7/2009,190.25,0.126309142
10/8/2009,189.27,-0.515111695
10/9/2009,190.47,0.634014899
10/12/2009,190.81,0.178505801
10/13/2009,190.02,-0.414024422
10/14/2009,191.29,0.6683507
10/15/2009,190.56,-0.381619531
10/16/2009,188.05,-1.317170445
10/19/2009,189.86,0.962509971
10/20/2009,198.76,4.687664595
10/21/2009,204.92,3.099215134
10/22/2009,205.2,0.136638688
10/23/2009,203.94,-0.614035088
10/26/2009,202.48,-0.715896832
10/27/2009,197.37,-2.523706045
10/28/2009,192.4,-2.518113188
10/29/2009,196.35,2.053014553
10/30/2009,188.5,-3.997962821
11/2/2009,189.31,0.429708223
11/3/2009,188.75,-0.295811103
11/4/2009,190.81,1.091390728
11/5/2009,194.03,1.687542582
11/6/2009,194.34,0.159769108
11/9/2009,201.46,3.663682206
11/10/2009,202.98,0.754492207
11/11/2009,203.25,0.133018031
11/12/2009,201.99,-0.619926199
11/13/2009,204.45,1.217882073
11/16/2009,206.63,1.066275373
11/17/2009,207,0.179064027
11/18/2009,205.96,-0.502415459
11/19/2009,200.51,-2.646144883
11/20/2009,199.92,-0.294249663
11/23/2009,205.88,2.981192477
11/24/2009,204.44,-0.699436565
11/25/2009,204.19,-0.122285267
11/27/2009,200.59,-1.763063813
11/30/2009,199.91,-0.33899995
12/1/2009,196.97,-1.470661798
12/2/2009,196.23,-0.37569173
12/3/2009,196.48,0.127401519
12/4/2009,193.32,-1.608306189
12/7/2009,188.95,-2.260500724
12/8/2009,189.87,0.486901297
12/9/2009,197.8,4.176541844
12/10/2009,196.43,-0.692618807
12/11/2009,194.67,-0.895993484
12/14/2009,196.98,1.186623517
12/15/2009,194.17,-1.426540766
12/16/2009,195.03,0.442910851
12/17/2009,191.86,-1.625390965
12/18/2009,195.43,1.860731784
12/21/2009,198.23,1.432738065
12/22/2009,200.36,1.074509408
12/23/2009,202.1,0.868436814
12/24/2009,209.04,3.433943592
12/28/2009,211.61,1.229429774
12/29/2009,209.1,-1.186144322
12/30/2009,211.64,1.214729794
12/31/2009,210.73,-0.42997543
1/4/2010,214.01,1.556494092
1/5/2010,214.38,0.172889117
1/6/2010,210.97,-1.590633455
1/7/2010,210.58,-0.184860407
1/8/2010,211.98,0.664830468
1/11/2010,210.11,-0.882158694
1/12/2010,207.72,-1.137499405
1/13/2010,210.65,1.410552667
1/14/2010,209.43,-0.579159744
1/15/2010,205.93,-1.671202789
1/19/2010,215.04,4.423833341
1/20/2010,211.73,-1.539248512
1/21/2010,208.07,-1.728616634
1/22/2010,197.75,-4.959869275
1/25/2010,203.07,2.690265487
1/26/2010,205.94,1.413305757
1/27/2010,207.88,0.942021948
1/28/2010,199.29,-4.132191649
1/29/2010,192.06,-3.62787897
2/1/2010,194.73,1.390190565
2/2/2010,195.86,0.580290659
2/3/2010,199.23,1.720616767
2/4/2010,192.05,-3.603874918
2/5/2010,195.46,1.775579276
2/8/2010,194.12,-0.685562263
2/9/2010,196.19,1.066350711
2/10/2010,195.12,-0.545389673
2/11/2010,198.67,1.819393194
2/12/2010,200.38,0.860723813
2/16/2010,203.4,1.507136441
2/17/2010,202.55,-0.417895772
2/18/2010,202.93,0.187607998
2/19/2010,201.67,-0.62090376
2/22/2010,200.42,-0.619824466
2/23/2010,197.06,-1.676479393
2/24/2010,200.66,1.826854765
2/25/2010,202,0.667796272
2/26/2010,204.62,1.297029703
3/1/2010,208.99,2.135666113
3/2/2010,208.85,-0.066988851
3/3/2010,209.33,0.229830022
3/4/2010,210.71,0.659246166
3/5/2010,218.95,3.910588012
3/8/2010,219.08,0.059374286
3/9/2010,223.02,1.798429797
3/10/2010,224.84,0.816070308
3/11/2010,225.5,0.293542074
3/12/2010,226.6,0.487804878
3/15/2010,223.84,-1.218005296
3/16/2010,224.45,0.272516083
3/17/2010,224.12,-0.147026064
3/18/2010,224.65,0.236480457
3/19/2010,222.25,-1.068328511
3/22/2010,224.75,1.124859393
3/23/2010,228.36,1.606229143
3/24/2010,229.37,0.442284113
3/25/2010,226.65,-1.185856912
3/26/2010,230.9,1.875137878
3/29/2010,232.39,0.645300996
3/30/2010,235.85,1.488876458
3/31/2010,235,-0.360398558
4/1/2010,235.97,0.412765957
4/5/2010,238.49,1.067932364
4/6/2010,239.54,0.440270032
4/7/2010,240.6,0.44251482
4/8/2010,239.95,-0.270157938
4/9/2010,241.79,0.766826422
4/12/2010,242.29,0.206791017
4/13/2010,242.43,0.057781997
4/14/2010,245.69,1.344718063
4/15/2010,248.92,1.314664822
4/16/2010,247.4,-0.610637956
4/19/2010,247.07,-0.133387227
4/20/2010,244.59,-1.003764115
4/21/2010,259.22,5.981438325
4/22/2010,266.47,2.796852095
4/23/2010,270.83,1.636206702
4/26/2010,269.5,-0.491082967
4/27/2010,262.04,-2.768089054
4/28/2010,261.6,-0.167913296
4/29/2010,268.64,2.691131498
4/30/2010,261.09,-2.81045265
5/3/2010,266.35,2.01463097
5/4/2010,258.68,-2.879669608
5/5/2010,255.99,-1.039894851
5/6/2010,246.25,-3.804836126
5/7/2010,235.86,-4.21928934
5/10/2010,253.99,7.686763334
5/11/2010,256.52,0.996102209
5/12/2010,262.09,2.171370653
5/13/2010,258.36,-1.423175245
5/14/2010,253.82,-1.757237963
5/17/2010,254.22,0.157591994
5/18/2010,252.36,-0.731649752
5/19/2010,248.34,-1.592962435
5/20/2010,237.76,-4.260288314
5/21/2010,242.32,1.917900404
5/24/2010,246.76,1.832287884
5/25/2010,245.22,-0.624088183
5/26/2010,244.11,-0.452654759
5/27/2010,253.35,3.785178813
5/28/2010,256.88,1.393329386
6/1/2010,260.83,1.537682965
6/2/2010,263.95,1.196181421
6/3/2010,263.12,-0.314453495
6/4/2010,255.96,-2.721191852
6/7/2010,250.94,-1.961243944
6/8/2010,249.33,-0.641587631
6/9/2010,243.2,-2.458589019
6/10/2010,250.51,3.005756579
6/11/2010,253.51,1.197556984
6/14/2010,254.28,0.303735553
6/15/2010,259.69,2.127575901
6/16/2010,267.25,2.91116331
6/17/2010,271.87,1.728718428
6/18/2010,274.07,0.809210284
6/21/2010,270.17,-1.422994126
6/22/2010,273.85,1.362105341
6/23/2010,270.97,-1.051670623
6/24/2010,269,-0.727017751
6/25/2010,266.7,-0.855018587
6/28/2010,268.3,0.599925009
6/29/2010,256.17,-4.521058517
6/30/2010,251.53,-1.811297185
7/1/2010,248.48,-1.212579016
7/2/2010,246.94,-0.619768191
7/6/2010,248.63,0.684376772
7/7/2010,258.67,4.038128947
7/8/2010,258.09,-0.224223915
7/9/2010,259.62,0.592816459
7/12/2010,257.29,-0.897465527
7/13/2010,251.8,-2.133779004
7/14/2010,252.73,0.369340747
7/15/2010,251.45,-0.506469355
7/16/2010,249.9,-0.616424737
7/19/2010,245.58,-1.728691477
7/20/2010,251.89,2.569427478
7/21/2010,254.24,0.932946921
7/22/2010,259.02,1.880113279
7/23/2010,259.94,0.355184928
7/26/2010,259.28,-0.253904747
7/27/2010,264.08,1.851280469
7/28/2010,260.96,-1.181460164
7/29/2010,258.11,-1.092121398
7/30/2010,257.25,-0.333191275
8/2/2010,261.85,1.788143829
8/3/2010,261.93,0.030551843
8/4/2010,262.98,0.400870462
8/5/2010,261.7,-0.486729029
8/6/2010,260.09,-0.615208254
8/9/2010,261.75,0.638240609
8/10/2010,259.41,-0.893982808
8/11/2010,250.19,-3.55421919
8/12/2010,251.79,0.639513969
8/13/2010,249.1,-1.06835061
8/16/2010,247.64,-0.586109996
8/17/2010,251.97,1.748505896
8/18/2010,253.07,0.436559908
8/19/2010,249.88,-1.260520805
8/20/2010,249.64,-0.096046102
8/23/2010,245.8,-1.53821503
8/24/2010,239.93,-2.388120423
8/25/2010,242.89,1.233693161
8/26/2010,240.28,-1.074560501
8/27/2010,241.62,0.557682704
8/30/2010,242.5,0.364208261
8/31/2010,243.1,0.24742268
9/1/2010,250.33,2.974084739
9/2/2010,252.17,0.735029761
9/3/2010,258.77,2.617281992
9/7/2010,257.81,-0.370985818
9/8/2010,262.92,1.982079826
9/9/2010,263.07,0.057051575
9/10/2010,263.41,0.129243167
9/13/2010,267.04,1.3780798
9/14/2010,268.06,0.381965249
9/15/2010,270.22,0.805789749
9/16/2010,276.57,2.349937088
9/17/2010,275.37,-0.433886539
9/20/2010,283.23,2.854341432
9/21/2010,283.77,0.190657769
9/22/2010,287.75,1.402544314
9/23/2010,288.92,0.406602954
9/24/2010,292.32,1.176796345
9/27/2010,291.16,-0.396825397
9/28/2010,286.86,-1.476851216
9/29/2010,287.37,0.177787074
9/30/2010,283.75,-1.259700038
10/1/2010,282.52,-0.433480176
10/4/2010,278.64,-1.373354099
10/5/2010,288.94,3.696525983
10/6/2010,289.19,0.086523154
10/7/2010,289.22,0.010373803
10/8/2010,294.07,1.676924141
10/11/2010,295.36,0.438671065
10/12/2010,298.54,1.076652221
10/13/2010,300.14,0.535941582
10/14/2010,302.31,0.722995935
10/15/2010,314.74,4.111673448
10/18/2010,318,1.035775561
10/19/2010,309.49,-2.676100629
10/20/2010,310.53,0.336036706
10/21/2010,309.52,-0.325250378
10/22/2010,307.47,-0.662315844
10/25/2010,308.84,0.445571926
10/26/2010,308.05,-0.255795881
10/27/2010,307.83,-0.071416978
10/28/2010,305.24,-0.841373485
10/29/2010,300.98,-1.395623116
11/1/2010,304.18,1.063193568
11/2/2010,309.36,1.702939049
11/3/2010,312.8,1.111973106
11/4/2010,318.27,1.748721228
11/5/2010,317.13,-0.358186445
11/8/2010,318.62,0.469838867
11/9/2010,316.08,-0.797187873
11/10/2010,318.03,0.616932422
11/11/2010,316.65,-0.433921328
11/12/2010,308.03,-2.722248539
11/15/2010,307.04,-0.321397267
11/16/2010,301.59,-1.775013028
11/17/2010,300.5,-0.361417819
11/18/2010,308.43,2.638935108
11/19/2010,306.73,-0.551178549
11/22/2010,313.36,2.161510123
11/23/2010,308.73,-1.477533827
11/24/2010,314.8,1.966119263
11/26/2010,315,0.063532402
11/29/2010,316.87,0.593650794
11/30/2010,311.15,-1.805156689
12/1/2010,316.4,1.687289089
12/2/2010,318.15,0.553097345
12/3/2010,317.44,-0.223165174
12/6/2010,320.15,0.853704637
12/7/2010,318.21,-0.605965953
12/8/2010,321.01,0.879922064
12/9/2010,319.76,-0.389395969
12/10/2010,320.56,0.250187641
12/13/2010,321.67,0.346269029
12/14/2010,320.29,-0.429011098
12/15/2010,320.36,0.021855194
12/16/2010,321.25,0.277812461
12/17/2010,320.61,-0.19922179
12/20/2010,322.21,0.499048688
12/21/2010,324.2,0.617609633
12/22/2010,325.16,0.29611351
12/23/2010,323.6,-0.479763809
12/27/2010,324.68,0.333745365
12/28/2010,325.47,0.243316496
12/29/2010,325.29,-0.055304636
12/30/2010,323.66,-0.501091334
12/31/2010,322.56,-0.339862819
1/3/2011,329.57,2.173239087
1/4/2011,331.29,0.521892163
1/5/2011,334,0.818014428
1/6/2011,333.73,-0.080838323
1/7/2011,336.12,0.716147784
1/10/2011,342.45,1.88325598
1/11/2011,341.64,-0.23653088
1/12/2011,344.42,0.813722047
1/13/2011,345.68,0.365832414
1/14/2011,348.48,0.809997686
1/18/2011,340.65,-2.246900826
1/19/2011,338.84,-0.53133715
1/20/2011,332.68,-1.817967182
1/21/2011,326.72,-1.791511362
1/24/2011,337.45,3.284157689
1/25/2011,341.4,1.170543784
1/26/2011,343.85,0.717633275
1/27/2011,343.21,-0.186127672
1/28/2011,336.1,-2.07161796
1/31/2011,339.32,0.9580482
2/1/2011,345.03,1.682777319
2/2/2011,344.32,-0.205779208
2/3/2011,343.44,-0.255576208
2/4/2011,346.5,0.890985325
2/7/2011,351.88,1.552669553
2/8/2011,355.2,0.943503467
2/9/2011,358.16,0.833333333
2/10/2011,354.54,-1.010721465
2/11/2011,356.85,0.651548485
2/14/2011,359.18,0.652935407
2/15/2011,359.9,0.200456596
2/16/2011,363.13,0.89747152
2/17/2011,358.3,-1.330102167
2/18/2011,350.56,-2.160200949
2/22/2011,338.61,-3.408831584
2/23/2011,342.62,1.184253271
2/24/2011,342.88,0.075885821
2/25/2011,348.16,1.53989734
2/28/2011,353.21,1.450482537
3/1/2011,349.31,-1.104158999
3/2/2011,352.12,0.804443045
3/3/2011,359.56,2.112916051
3/4/2011,360,0.122371788
3/7/2011,355.36,-1.288888889
3/8/2011,355.76,0.112561909
3/9/2011,352.47,-0.924780751
3/10/2011,346.67,-1.645530116
3/11/2011,351.99,1.534600629
3/14/2011,353.56,0.446035399
3/15/2011,345.43,-2.299468266
3/16/2011,330.01,-4.46400139
3/17/2011,334.64,1.402987788
3/18/2011,330.67,-1.18634951
3/21/2011,339.3,2.609852723
3/22/2011,341.2,0.559976422
3/23/2011,339.19,-0.589097304
3/24/2011,344.97,1.704059672
3/25/2011,351.54,1.904513436
3/28/2011,350.44,-0.312908915
3/29/2011,350.96,0.148384888
3/30/2011,348.63,-0.663893321
3/31/2011,348.51,-0.034420446
4/1/2011,344.56,-1.133396459
4/4/2011,341.19,-0.978058974
4/5/2011,338.89,-0.674111199
4/6/2011,338.04,-0.25081885
4/7/2011,338.08,0.011832919
4/8/2011,335.06,-0.893279697
4/11/2011,330.8,-1.271414075
4/12/2011,332.4,0.483675937
4/13/2011,336.13,1.122141998
4/14/2011,332.42,-1.103739625
4/15/2011,327.46,-1.492088322
4/18/2011,331.85,1.340621755
4/19/2011,337.86,1.811059214
4/20/2011,342.41,1.346711656
4/21/2011,350.7,2.421074151
4/25/2011,353.01,0.658682635
4/26/2011,350.42,-0.733690264
4/27/2011,350.15,-0.077050397
4/28/2011,346.75,-0.971012423
4/29/2011,350.13,0.974765681
5/2/2011,346.28,-1.09959158
5/3/2011,348.2,0.554464595
5/4/2011,349.57,0.393452039
5/5/2011,346.75,-0.806705381
5/6/2011,346.66,-0.025955299
5/9/2011,347.6,0.271159061
5/10/2011,349.45,0.532220944
5/11/2011,347.23,-0.635284018
5/12/2011,346.57,-0.190075742
5/13/2011,340.5,-1.751449924
5/16/2011,333.3,-2.114537445
5/17/2011,336.14,0.852085209
5/18/2011,339.87,1.109656691
5/19/2011,340.53,0.194191897
5/20/2011,335.22,-1.559333979
5/23/2011,334.4,-0.244615476
5/24/2011,332.19,-0.660885167
5/25/2011,336.78,1.381739366
5/26/2011,335,-0.528534949
5/27/2011,337.41,0.719402985
5/31/2011,347.83,3.088230936
6/1/2011,345.51,-0.666992496
6/2/2011,346.1,0.170762062
6/3/2011,343.44,-0.768563999
6/6/2011,338.04,-1.572327044
6/7/2011,332.04,-1.774937877
6/8/2011,332.24,0.060233707
6/9/2011,331.49,-0.225740429
6/10/2011,325.9,-1.686325379
6/13/2011,326.6,0.214789813
6/14/2011,332.44,1.788120024
6/15/2011,326.75,-1.711587053
6/16/2011,325.16,-0.486610559
6/17/2011,320.26,-1.506950424
6/20/2011,315.32,-1.542496721
6/21/2011,325.3,3.165038691
6/22/2011,322.61,-0.826928989
6/23/2011,331.23,2.671956852
6/24/2011,326.35,-1.473296501
6/27/2011,332.04,1.743526888
6/28/2011,335.26,0.969762679
6/29/2011,334.04,-0.363896677
6/30/2011,335.67,0.487965513
7/1/2011,343.26,2.261149343
7/5/2011,349.43,1.797471305
7/6/2011,351.76,0.666800217
7/7/2011,357.2,1.546508983
7/8/2011,359.71,0.70268757
7/11/2011,354,-1.587389842
7/12/2011,353.75,-0.070621469
7/13/2011,358.02,1.207067138
7/14/2011,357.77,-0.069828501
7/15/2011,364.92,1.99849065
7/18/2011,373.8,2.433410062
7/19/2011,376.85,0.815944355
7/20/2011,386.9,2.666843572
7/21/2011,387.29,0.100801241
7/22/2011,393.3,1.551808722
7/25/2011,398.5,1.322145945
7/26/2011,403.41,1.232120452
7/27/2011,392.59,-2.682134801
7/28/2011,391.82,-0.196133371
7/29/2011,390.48,-0.341993773
8/1/2011,396.75,1.605716042
8/2/2011,388.91,-1.976055451
8/3/2011,392.57,0.941091769
8/4/2011,377.37,-3.871920931
8/5/2011,373.62,-0.993719692
8/8/2011,353.21,-5.462769659
8/9/2011,374.01,5.888847994
8/10/2011,363.69,-2.759284511
8/11/2011,373.7,2.752344029
8/12/2011,376.99,0.880385336
8/15/2011,383.41,1.702962943
8/16/2011,380.48,-0.764194987
8/17/2011,380.44,-0.010513036
8/18/2011,366.05,-3.782462412
8/19/2011,356.03,-2.737330966
8/22/2011,356.44,0.115158835
8/23/2011,373.6,4.814274492
8/24/2011,376.18,0.690578158
8/25/2011,373.72,-0.653942262
8/26/2011,383.58,2.638338863
8/29/2011,389.97,1.665884561
8/30/2011,389.99,0.0051286
8/31/2011,384.83,-1.323110849
9/1/2011,381.03,-0.987449003
9/2/2011,374.05,-1.831876755
9/6/2011,379.74,1.521187007
9/7/2011,383.93,1.103386528
9/8/2011,384.14,0.054697471
9/9/2011,377.48,-1.733742906
9/12/2011,379.94,0.651690156
9/13/2011,384.62,1.231773438
9/14/2011,389.3,1.216785399
9/15/2011,392.96,0.940148985
9/16/2011,400.5,1.918770358
9/19/2011,411.63,2.779026217
9/20/2011,413.45,0.442144644
9/21/2011,412.14,-0.316846052
9/22/2011,401.82,-2.504003494
9/23/2011,404.3,0.617191777
9/26/2011,403.17,-0.279495424
9/27/2011,399.26,-0.969814222
9/28/2011,397.01,-0.563542554
9/29/2011,390.57,-1.622125387
9/30/2011,381.32,-2.368333461
10/3/2011,374.6,-1.762299381
10/4/2011,372.5,-0.560597971
10/5/2011,378.25,1.543624161
10/6/2011,377.37,-0.232650364
10/7/2011,369.8,-2.005988817
10/10/2011,388.81,5.140616549
10/11/2011,400.29,2.952598956
10/12/2011,402.19,0.474655874
10/13/2011,408.43,1.551505507
10/14/2011,422,3.32247876
10/17/2011,419.99,-0.476303318
10/18/2011,422.24,0.535727041
10/19/2011,398.62,-5.593974991
10/20/2011,395.31,-0.830364758
10/21/2011,392.87,-0.617237105
10/24/2011,405.77,3.283528903
10/25/2011,397.77,-1.971560243
10/26/2011,400.6,0.711466425
10/27/2011,404.69,1.020968547
10/28/2011,404.95,0.064246707
10/31/2011,404.78,-0.041980491
11/1/2011,396.51,-2.043085133
11/2/2011,397.41,0.226980404
11/3/2011,403.07,1.424221836
11/4/2011,400.24,-0.702111296
11/7/2011,399.73,-0.127423546
11/8/2011,406.23,1.626097616
11/9/2011,395.28,-2.695517318
11/10/2011,385.22,-2.54503137
11/11/2011,384.62,-0.155755153
11/14/2011,379.26,-1.393583277
11/15/2011,388.83,2.523334915
11/16/2011,384.77,-1.044158115
11/17/2011,377.41,-1.912831042
11/18/2011,374.94,-0.654460666
11/21/2011,369.01,-1.581586387
11/22/2011,376.51,2.032465245
11/23/2011,366.99,-2.528485299
11/25/2011,363.57,-0.931905502
11/28/2011,376.12,3.451879968
11/29/2011,373.2,-0.776347974
11/30/2011,382.2,2.411575563
12/1/2011,387.93,1.499215071
12/2/2011,389.7,0.456267883
12/5/2011,393.01,0.849371311
12/6/2011,390.95,-0.524159691
12/7/2011,389.09,-0.475764164
12/8/2011,390.66,0.403505616
12/9/2011,393.62,0.757692111
12/12/2011,391.84,-0.452212794
12/13/2011,388.81,-0.773274806
12/14/2011,380.19,-2.217021167
12/15/2011,378.94,-0.328782977
12/16/2011,381.02,0.548899562
12/19/2011,382.21,0.312319563
12/20/2011,395.95,3.594882394
12/21/2011,396.45,0.126278571
12/22/2011,398.55,0.529701097
12/23/2011,403.33,1.199347635
12/27/2011,406.53,0.793394987
12/28/2011,402.64,-0.956878951
12/29/2011,405.12,0.61593483
12/30/2011,405,-0.029620853
1/3/2012,411.23,1.538271605
1/4/2012,413.44,0.537412154
1/5/2012,418.03,1.110197368
1/6/2012,422.4,1.045379518
1/9/2012,421.73,-0.158617424
1/10/2012,423.24,0.358048989
1/11/2012,422.55,-0.163028069
1/12/2012,421.39,-0.274523725
1/13/2012,419.81,-0.374949572
1/17/2012,424.7,1.164812653
1/18/2012,429.11,1.038380033
1/19/2012,427.75,-0.316935052
1/20/2012,420.3,-1.741671537
1/23/2012,427.41,1.691648822
1/24/2012,420.41,-1.637771695
1/25/2012,446.66,6.24390476
1/26/2012,444.63,-0.454484395
1/27/2012,447.28,0.59600117
1/30/2012,453.01,1.28107673
1/31/2012,456.48,0.765987506
2/1/2012,456.19,-0.063529618
2/2/2012,455.12,-0.234551393
2/3/2012,459.68,1.001933556
2/6/2012,463.97,0.933257919
2/7/2012,468.83,1.047481518
2/8/2012,476.68,1.674380906
2/9/2012,493.17,3.459343795
2/10/2012,493.42,0.050692459
2/13/2012,502.6,1.860483969
2/14/2012,509.46,1.364902507
2/15/2012,497.67,-2.314215051
2/16/2012,502.21,0.91225109
2/17/2012,502.12,-0.01792079
2/21/2012,514.85,2.535250538
2/22/2012,513.04,-0.351558706
2/23/2012,516.39,0.652970529
2/24/2012,522.41,1.16578555
2/27/2012,525.76,0.641258781
2/28/2012,535.41,1.835438223
2/29/2012,542.44,1.313012458
3/1/2012,544.47,0.374234938
3/2/2012,545.18,0.130402042
3/5/2012,533.16,-2.204776404
3/6/2012,530.26,-0.543926776
3/7/2012,530.69,0.081092294
3/8/2012,541.99,2.12930336
3/9/2012,545.17,0.586726692
3/12/2012,552,1.252820221
3/13/2012,568.1,2.916666667
3/14/2012,589.58,3.781024468
3/15/2012,585.56,-0.681841311
3/16/2012,585.57,0.001707767
3/19/2012,601.1,2.652116741
3/20/2012,605.96,0.808517718
3/21/2012,602.5,-0.570994785
3/22/2012,599.34,-0.524481328
3/23/2012,596.05,-0.548937164
3/26/2012,606.98,1.83373878
3/27/2012,614.48,1.235625556
3/28/2012,617.62,0.511001172
3/29/2012,609.86,-1.256435996
3/30/2012,599.55,-1.69055193
4/2/2012,618.63,3.18238679
4/3/2012,629.32,1.728011897
4/4/2012,624.31,-0.796097375
4/5/2012,633.68,1.500856946
4/9/2012,636.23,0.402411312
4/10/2012,628.44,-1.224399981
4/11/2012,626.2,-0.356438164
4/12/2012,622.77,-0.547748323
4/13/2012,605.23,-2.81644909
4/16/2012,580.13,-4.147183715
4/17/2012,609.7,5.097133401
4/18/2012,608.34,-0.223060522
4/19/2012,587.44,-3.435578788
4/20/2012,572.98,-2.461527986
4/23/2012,571.7,-0.223393487
4/24/2012,560.28,-1.997551163
4/25/2012,610,8.874134361
4/26/2012,607.7,-0.37704918
4/27/2012,603,-0.773407932
4/30/2012,583.98,-3.154228856
5/1/2012,582.13,-0.316791671
5/2/2012,585.98,0.6613643
5/3/2012,581.82,-0.70992184
5/4/2012,565.25,-2.84795985
5/7/2012,569.48,0.748341442
5/8/2012,568.18,-0.228278429
5/9/2012,569.18,0.176000563
5/10/2012,570.52,0.235426403
5/11/2012,566.71,-0.667811821
5/14/2012,558.22,-1.498120732
5/15/2012,553.17,-0.904661245
5/16/2012,546.08,-1.281703635
5/17/2012,530.12,-2.922648696
5/18/2012,530.38,0.049045499
5/21/2012,561.28,5.826011539
5/22/2012,556.97,-0.767887685
5/23/2012,570.56,2.439987791
5/24/2012,565.32,-0.918395962
5/25/2012,562.29,-0.535979622
5/29/2012,572.27,1.774884846
5/30/2012,579.17,1.205724571
5/31/2012,577.73,-0.248631663
6/1/2012,560.99,-2.897547297
6/4/2012,564.29,0.58824578
6/5/2012,562.83,-0.258732212
6/6/2012,571.46,1.533322673
6/7/2012,571.72,0.045497498
6/8/2012,580.32,1.504232841
6/11/2012,571.17,-1.576716294
6/12/2012,576.16,0.873645325
6/13/2012,572.16,-0.694251597
6/14/2012,571.53,-0.11010906
6/15/2012,574.13,0.454919252
6/18/2012,585.78,2.02915716
6/19/2012,587.41,0.278261463
6/20/2012,585.74,-0.284298871
6/21/2012,577.67,-1.377744392
6/22/2012,582.1,0.766873821
6/25/2012,570.77,-1.946400962
6/26/2012,572.03,0.220754419
6/27/2012,574.5,0.431795535
6/28/2012,569.05,-0.948651001
6/29/2012,584,2.62718566
7/2/2012,592.52,1.45890411
7/3/2012,599.41,1.162829947
7/5/2012,609.94,1.756727449
7/6/2012,605.88,-0.665639243
7/9/2012,613.89,1.322043969
7/10/2012,608.21,-0.925247194
7/11/2012,604.43,-0.621495865
7/12/2012,598.9,-0.91491157
7/13/2012,604.97,1.013524795
7/16/2012,606.91,0.320677058
7/17/2012,606.94,0.004943072
7/18/2012,606.26,-0.112037434
7/19/2012,614.32,1.329462607
7/20/2012,604.3,-1.631071754
